,date,dataset_name,seed,K,model,attack_model,budget,misclassification_rate,homophily
0,2025-08-27 11:44:46.585565,Cora,33,0,h2gcn,metattack,0.1,0.2278672032193158,0.7492354740061162
1,2025-08-27 11:53:59.082377,Cora,33,0,h2gcn,metattack,0.15,0.2334004024144869,0.7189812424711753
2,2025-08-27 12:06:18.470347,Cora,33,0,h2gcn,metattack,0.2,0.278169014084507,0.690846001321877
3,2025-08-27 12:21:44.171214,Cora,33,0,h2gcn,metattack,0.25,0.3335010060362173,0.661116397082144
4,2025-08-27 12:28:25.794762,Cora,33,400,h2gcn,metattack,0.1,0.2605633802816901,0.6935510748208632
5,2025-08-27 12:38:25.717385,Cora,33,400,h2gcn,metattack,0.15,0.278169014084507,0.6660814046288906
6,2025-08-27 12:51:44.430343,Cora,33,400,h2gcn,metattack,0.2,0.2927565392354124,0.6416513198281154
7,2025-08-27 13:08:24.184391,Cora,33,400,h2gcn,metattack,0.25,0.3415492957746479,0.6154299175500589
8,2025-08-27 13:15:39.482100,Cora,33,500,h2gcn,metattack,0.1,0.2681086519114688,0.6413824743844625
9,2025-08-27 13:26:35.179968,Cora,33,500,h2gcn,metattack,0.15,0.295774647887324,0.6163679106670584
10,2025-08-27 13:41:08.636460,Cora,33,500,h2gcn,metattack,0.2,0.3148893360160966,0.5979308390022676
11,2025-08-27 13:59:20.573787,Cora,33,500,h2gcn,metattack,0.25,0.3088531187122736,0.5727904126378864
12,2025-08-27 14:07:24.646686,Cora,33,600,h2gcn,metattack,0.1,0.2741448692152918,0.5944281114377712
13,2025-08-27 14:19:26.577105,Cora,33,600,h2gcn,metattack,0.15,0.2912474849094567,0.5819361817198486
14,2025-08-27 14:35:29.341429,Cora,33,600,h2gcn,metattack,0.2,0.295271629778672,0.5673879040667362
15,2025-08-27 14:55:29.084354,Cora,33,600,h2gcn,metattack,0.25,0.3561368209255533,0.5108976727004063
16,2025-08-27 15:04:23.461831,Cora,33,700,h2gcn,metattack,0.1,0.2535211267605634,0.5395354740449295
17,2025-08-27 15:17:42.143348,Cora,33,700,h2gcn,metattack,0.15,0.2806841046277666,0.5297655578740641
18,2025-08-27 15:35:25.981980,Cora,33,700,h2gcn,metattack,0.2,0.3415492957746479,0.50187617260788
19,2025-08-27 15:57:39.324816,Cora,33,700,h2gcn,metattack,0.25,0.3737424547283702,0.4799910071942446
20,2025-08-27 16:07:33.188245,Cora,33,800,h2gcn,metattack,0.1,0.2771629778672032,0.494283404550179
21,2025-08-27 16:22:18.473288,Cora,33,800,h2gcn,metattack,0.15,0.317907444668008,0.4851971846721036
22,2025-08-27 16:42:00.585569,Cora,33,800,h2gcn,metattack,0.2,0.3304828973843058,0.4712643678160919
23,2025-08-27 17:06:33.043733,Cora,33,800,h2gcn,metattack,0.25,0.3546277665995976,0.4663874345549738
24,2025-08-27 17:17:40.940452,Cora,33,1000,h2gcn,metattack,0.1,0.2801810865191146,0.4455455765458862
25,2025-08-27 17:34:19.004393,Cora,33,1000,h2gcn,metattack,0.15,0.2972837022132797,0.4379701133286531
26,2025-08-27 17:56:29.448965,Cora,33,1000,h2gcn,metattack,0.2,0.3279678068410463,0.4310445438630617
27,2025-08-27 18:24:13.526501,Cora,33,1000,h2gcn,metattack,0.25,0.3677062374245473,0.4225113122171945
28,2025-08-27 18:37:04.739454,Cora,33,1400,h2gcn,metattack,0.1,0.2686116700201207,0.3675160920553743
29,2025-08-27 18:56:17.383707,Cora,33,1400,h2gcn,metattack,0.15,0.3601609657947686,0.3552259281488468
30,2025-08-27 19:21:54.142101,Cora,33,1400,h2gcn,metattack,0.2,0.3546277665995976,0.3477021133847702
31,2025-08-27 19:53:54.619488,Cora,33,1400,h2gcn,metattack,0.25,0.4205231388329979,0.3408609163541496
32,2025-08-27 20:08:59.445654,Cora,33,1900,h2gcn,metattack,0.1,0.2771629778672032,0.3162419170787371
33,2025-08-27 20:31:41.737472,Cora,33,1900,h2gcn,metattack,0.15,0.3893360160965795,0.3065542239976327
34,2025-08-27 21:01:57.046894,Cora,33,1900,h2gcn,metattack,0.2,0.3697183098591549,0.3065053607649956
35,2025-08-27 21:39:45.145984,Cora,33,1900,h2gcn,metattack,0.25,0.4341046277665996,0.3167109133959963
36,2025-08-27 21:58:39.711414,Cora,33,3000,h2gcn,metattack,0.1,0.3259557344064386,0.2517086386306262
37,2025-08-27 22:26:56.209555,Cora,33,3000,h2gcn,metattack,0.15,0.2942655935613681,0.2717404636330185
38,2025-08-27 23:04:35.059457,Cora,33,3000,h2gcn,metattack,0.2,0.4039235412474848,0.2447082212606712
39,2025-08-27 23:51:32.514680,Cora,33,3000,h2gcn,metattack,0.25,0.4195171026156942,0.2386565199977112
40,2025-08-28 00:16:38.384642,Cora,33,5000,h2gcn,metattack,0.1,0.2283702213279678,0.1885683030220155
41,2025-08-28 00:54:05.981002,Cora,33,5000,h2gcn,metattack,0.15,0.2852112676056337,0.1839862965565706
42,2025-08-28 01:44:01.362803,Cora,33,5000,h2gcn,metattack,0.2,0.3375251509054325,0.1831498656496489
43,2025-08-28 02:46:27.383312,Cora,33,5000,h2gcn,metattack,0.25,0.3873239436619718,0.1799351351351351
44,2025-08-21 14:44:08.188163,Cora,33,0,h2gcn,metattack,0.05,0.1911468812877264,0.7801805189921023
45,2025-08-21 14:45:36.498512,Cora,33,400,h2gcn,metattack,0.05,0.2072434607645875,0.7216997561825148
46,2025-08-21 14:47:13.569208,Cora,33,500,h2gcn,metattack,0.05,0.2580482897384306,0.6635245246844543
47,2025-08-21 14:49:00.219233,Cora,33,600,h2gcn,metattack,0.05,0.2379275653923541,0.605985762022374
48,2025-08-21 14:50:58.363381,Cora,33,700,h2gcn,metattack,0.05,0.2359154929577465,0.5523897058823529
49,2025-08-21 14:53:09.727613,Cora,33,800,h2gcn,metattack,0.05,0.2409456740442656,0.4990519080350794
50,2025-08-21 14:55:37.410752,Cora,33,1000,h2gcn,metattack,0.05,0.2816901408450704,0.4350936250788975
51,2025-08-21 14:58:28.440257,Cora,33,1400,h2gcn,metattack,0.05,0.2334004024144869,0.3734983618492901
52,2025-08-21 15:01:50.373041,Cora,33,1900,h2gcn,metattack,0.05,0.2082494969818913,0.3222299868002174
53,2025-08-21 15:06:02.267838,Cora,33,3000,h2gcn,metattack,0.05,0.2132796780684104,0.256492485694523
54,2025-08-21 15:11:36.332342,Cora,33,5000,h2gcn,metattack,0.05,0.1614688128772635,0.1956613607550359
55,2025-08-28 11:05:38.428482,Cora,33,0,h2gcn,clean,0,0.17555331991951706,0.8041033734464391
56,2025-08-28 11:05:38.590489,Cora,33,400,h2gcn,clean,0,0.1926559356136821,0.7452916438105687
57,2025-08-28 11:05:38.760431,Cora,33,500,h2gcn,clean,0,0.19869215291750508,0.6828614508292846
58,2025-08-28 11:05:38.980473,Cora,33,600,h2gcn,clean,0,0.20724346076458755,0.6204901811539048
59,2025-08-28 11:05:39.170388,Cora,33,700,h2gcn,clean,0,0.21227364185110664,0.560737377906177
60,2025-08-28 11:05:39.430256,Cora,33,800,h2gcn,clean,0,0.21478873239436624,0.5051431404139298
61,2025-08-28 11:05:39.669355,Cora,33,1000,h2gcn,clean,0,0.18008048289738432,0.44944315801080603
62,2025-08-28 11:05:40.014304,Cora,33,1400,h2gcn,clean,0,0.18410462776659964,0.3893399560607508
63,2025-08-28 11:05:40.299848,Cora,33,1900,h2gcn,clean,0,0.1554325955734407,0.3295335111973482
64,2025-08-28 11:05:40.669081,Cora,33,3000,h2gcn,clean,0,0.09859154929577463,0.265209187325135
65,2025-08-28 11:05:41.128696,Cora,33,5000,h2gcn,clean,0,0.07042253521126762,0.20010800726594336
